[
    {
        "condition": "any_of",
        "terms": [
            {
                "condition": "entity_properties",
                "entity": "this",
                "predicate": {
                    "type": "area_effect_cloud",
                    "nbt": "{Tags:[\"advancedmobs_web\"]}"
                }
            },
            {
                "condition": "entity_properties",
                "entity": "this",
                "predicate": {
                    "type": "area_effect_cloud",
                    "nbt": "{Tags:[\"advancedmobs_furnace\"]}"
                }
            },
            {
                "condition": "entity_properties",
                "entity": "this",
                "predicate": {
                    "type": "#advancedmobs:2",
                    "nbt": "{Tags:[\"advancedmobs_throw\"]}"
                }
            },
            {
                "condition": "entity_properties",
                "entity": "this",
                "predicate": {
                    "type": "item",
                    "nbt": "{Tags:[\"advancedmobs_silverfish\"]}"
                }
            },
            {
                "condition": "entity_properties",
                "entity": "this",
                "predicate": {
                    "type": "item",
                    "nbt": "{Item:{tag:{advancedmobs_silverfish:1b}}}"
                }
            },
            {
                "condition": "entity_properties",
                "entity": "this",
                "predicate": {
                    "type": "shulker_bullet",
                    "nbt": "{Tags:[\"advancedmobs_wizard\"]}"
                }
            },
            {
                "condition": "entity_properties",
                "entity": "this",
                "predicate": {
                    "type": "small_fireball",
                    "nbt": "{Tags:[\"advancedmobs_burst_blaze3\"]}"
                }
            },
            {
                "condition": "entity_properties",
                "entity": "this",
                "predicate": {
                    "type": "area_effect_cloud",
                    "nbt": "{Tags:[\"advancedmobs_burst_blaze3\"]}"
                }
            },
            {
                "condition": "entity_properties",
                "entity": "this",
                "predicate": {
                    "type": "marker",
                    "nbt": "{Tags:[\"advancedmobs_slfsM\"]}"
                }
            },
            {
                "condition": "entity_properties",
                "entity": "this",
                "predicate": {
                    "type": "area_effect_cloud",
                    "nbt": "{Tags:[\"advancedmobs_slfs0\"]}"
                }
            },
            {
                "condition": "all_of",
                "terms": [
                    {
                        "condition": "entity_properties",
                        "entity": "this",
                        "predicate": {
                            "type": "potion",
                            "nbt": "{Tags:[\"advancedmobs_dlfs10\"]}"
                        }
                    },
                    {
                        "condition": "inverted",
                        "term": {
                            "condition": "entity_properties",
                            "entity": "this",
                            "predicate": {
                                "type": "potion",
                                "nbt": "{Passengers:[{id:\"minecraft:area_effect_cloud\"}]}"
                            }
                        }
                    }
                ]
            },
            {
                "condition": "all_of",
                "terms": [
                    {
                        "condition": "reference",
                        "name": "advancedmobs:ss/nov"
                    },
                    {
                        "condition": "entity_properties",
                        "entity": "this",
                        "predicate": {
                            "type": "item_display",
                            "nbt": "{Tags:[\"advancedmobs_dlfs2\"]}"
                        }
                    }
                ]
            },
            {
                "condition": "all_of",
                "terms": [
                    {
                        "condition": "reference",
                        "name": "advancedmobs:ss/nov"
                    },
                    {
                        "condition": "entity_properties",
                        "entity": "this",
                        "predicate": {
                            "type": "item_display",
                            "nbt": "{Tags:[\"advancedmobs_dlM\"]}"
                        }
                    }
                ]
            }
        ]
    }
]