[
    {
        "condition": "any_of",
        "terms": [
            {
                "condition": "entity_scores",
                "entity": "this",
                "scores": {
                    "advancedmobs_303": 10,
                    "advancedmobs_hp": {
                        "max": 250
                    }
                }
            },
            {
                "condition": "entity_scores",
                "entity": "this",
                "scores": {
                    "advancedmobs_303": 9,
                    "advancedmobs_hp": {
                        "max": 250
                    }
                }
            },
            {
                "condition": "entity_scores",
                "entity": "this",
                "scores": {
                    "advancedmobs_303": 8,
                    "advancedmobs_hp": {
                        "max": 250
                    }
                }
            },
            {
                "condition": "entity_scores",
                "entity": "this",
                "scores": {
                    "advancedmobs_303": 7,
                    "advancedmobs_hp": {
                        "max": 250
                    }
                }
            },
            {
                "condition": "entity_scores",
                "entity": "this",
                "scores": {
                    "advancedmobs_303": 6,
                    "advancedmobs_hp": {
                        "max": 100
                    }
                }
            },
            {
                "condition": "entity_scores",
                "entity": "this",
                "scores": {
                    "advancedmobs_303": 5,
                    "advancedmobs_hp": {
                        "max": 100
                    }
                }
            },
            {
                "condition": "entity_scores",
                "entity": "this",
                "scores": {
                    "advancedmobs_303": 4,
                    "advancedmobs_hp": {
                        "max": 50
                    }
                }
            },
            {
                "condition": "entity_scores",
                "entity": "this",
                "scores": {
                    "advancedmobs_303": 3,
                    "advancedmobs_hp": {
                        "max": 50
                    }
                }
            },
            {
                "condition": "entity_scores",
                "entity": "this",
                "scores": {
                    "advancedmobs_303": 2,
                    "advancedmobs_hp": {
                        "max": 50
                    }
                }
            },
            {
                "condition": "entity_scores",
                "entity": "this",
                "scores": {
                    "advancedmobs_303": 1,
                    "advancedmobs_hp": {
                        "max": 50
                    }
                }
            }
        ]
    }
]