{
    "parent": "advancedmobs:root",
    "display": {
        "icon": {
            "item": "minecraft:zombie_spawn_egg"
        },
        "title": {
            "text": ""
        },
        "description": "......",
        "announce_to_chat": false,
        "show_toast": false,
        "hidden": true
    },
    "criteria": {
        "egg": {
            "trigger": "item_used_on_block",
            "conditions": {
                "location": [
                    {
                        "condition": "minecraft:match_tool",
                        "predicate": {
                            "nbt": "{Enchantments:[{}],EntityTag:{Tags:[\"advancedmobs_ssc\"],CustomName:\"\"}}"
                        }
                    }
                ]
            }
        }
    },
    "rewards": {
        "function": "advancedmobs:help/spawn"
    }
}