{
    "parent": "advancedmobs:root",
    "display": {
        "icon": {
            "item": "minecraft:wither_skeleton_skull"
        },
        "title": {
            "text": ""
        },
        "description": "......",
        "announce_to_chat": false,
        "show_toast": false,
        "hidden": true
    },
    "criteria": {
        "hurt": {
            "trigger": "entity_hurt_player",
            "conditions": {
                "damage": {
                    "blocked": false,
                    "type": {
                        "source_entity": {
                            "type": "wither_skeleton"
                        }
                    }
                }
            }
        }
    },
    "rewards": {
        "function": "advancedmobs:ss/wither"
    }
}