
{
    "condition": "any_of",
    "terms": [
        {
            "condition": "all_of",
            "terms": [
                {
                    "condition": "entity_properties",
                    "entity": "this",
                    "predicate": {
                        "type": "#advancedmobs:js_kl",
                        "equipment": {
                            "head": {
                                "items": [
                                    "air",
                                    "leather_helmet",
                                    "golden_helmet",
                                    "chainmail_helmet",
                                    "iron_helmet",
                                    "diamond_helmet"
                                ]
                            },
                            "chest": {
                                "items": [
                                    "air",
                                    "leather_chestplate",
                                    "golden_chestplate",
                                    "chainmail_chestplate",
                                    "iron_chestplate",
                                    "diamond_chestplate"
                                ]
                            },
                            "legs": {
                                "items": [
                                    "air",
                                    "leather_leggings",
                                    "golden_leggings",
                                    "chainmail_leggings",
                                    "iron_leggings",
                                    "diamond_leggings"
                                ]
                            },
                            "feet": {
                                "items": [
                                    "air",
                                    "leather_boots",
                                    "golden_boots",
                                    "chainmail_boots",
                                    "iron_boots",
                                    "diamond_boots"
                                ]
                            },
                            "mainhand": {
                                "items": [
                                    "air",
                                    "iron_sword",
                                    "iron_shovel",
                                    "bow"
                                ]
                            }
                        }
                    }
                },
                {
                    "condition": "inverted",
                    "term": {
                        "condition": "any_of",
                        "terms": [
                            {
                                "condition": "entity_properties",
                                "entity": "this",
                                "predicate": {
                                    "type": "wither_skeleton"
                                }
                            },
                            {
                                "condition": "entity_properties",
                                "entity": "this",
                                "predicate": {
                                    "type": "zombie_villager"
                                }
                            }
                        ]
                    }
                }
            ]
        },
        {
            "condition": "any_of",
            "terms": [
                {
                    "condition": "entity_properties",
                    "entity": "this",
                    "predicate": {
                        "type": "wither_skeleton",
                        "nbt": "{HandItems:[{id:\"minecraft:stone_sword\"},{}],Health:20.0f}"
                    }
                },
                {
                    "condition": "entity_properties",
                    "entity": "this",
                    "predicate": {
                        "type": "zombie_villager",
                        "nbt": "{HandItems:[{},{}]}"
                    }
                },{
                    "condition": "entity_properties",
                    "entity": "this",
                    "predicate": {
                        "type": "spider",
                        "nbt": "{HandItems:[{},{}],Health:16.0f}"
                    }
                },{
                    "condition": "entity_properties",
                    "entity": "this",
                    "predicate": {
                        "type": "cave_spider",
                        "nbt": "{HandItems:[{},{}],Health:12.0f}"
                    }
                },{
                    "condition": "entity_properties",
                    "entity": "this",
                    "predicate": {
                        "type": "creeper",
                        "nbt": "{HandItems:[{},{}],Health:20.0f}"
                    }
                },{
                    "condition": "entity_properties",
                    "entity": "this",
                    "predicate": {
                        "type": "enderman",
                        "nbt": "{HandItems:[{},{}],Health:40.0f}"
                    }
                },{
                    "condition": "entity_properties",
                    "entity": "this",
                    "predicate": {
                        "type": "#raiders",
                        "nbt": "{Health:24.0f}"
                    }
                },{
                    "condition": "entity_properties",
                    "entity": "this",
                    "predicate": {
                        "type": "witch",
                        "nbt": "{HandItems:[{},{}],Health:26.0f}"
                    }
                },{
                    "condition": "entity_properties",
                    "entity": "this",
                    "predicate": {
                        "type": "ravager",
                        "nbt": "{HandItems:[{},{}],Health:100.0f}"
                    }
                },{
                    "condition": "entity_properties",
                    "entity": "this",
                    "predicate": {
                        "type": "spider",
                        "nbt": "{HandItems:[{},{}],Health:16.0f}"
                    }
                },{
                    "condition": "entity_properties",
                    "entity": "this",
                    "predicate": {
                        "type": "vex",
                        "nbt": "{HandItems:[{},{}],Health:14.0f}"
                    }
                },                            {
                    "condition": "inverted",
                    "term": {
                        "condition": "entity_properties",
                        "entity": "this",
                        "predicate": {
                            "type": "#advancedmobs:spawn2"
                        }
                    }
                }
            ]
        }
    ]
}