{
    "functions": [
        {
            "function": "set_nbt",
            "tag": "{advancedmobs_ssc:1b,byShanguaihexianyyu:2b}"
        }
    ],
    "pools": [
        {
            "rolls": 1,
            "conditions": [
                {
                    "condition": "entity_properties",
                    "entity": "this",
                    "predicate": {
                        "type": "#advancedmobs:zombie"
                    }
                }
            ],
            "functions": [
                {
                    "function": "set_nbt",
                    "tag": "{advancedmobs_zombie:1b}"
                }
            ],
            "entries": [
                {
                    "type": "minecraft:item",
                    "name": "minecraft:stone",
                    "functions": [
                        {
                            "function": "minecraft:set_nbt",
                            "tag": "{advancedmobs_advancedmobs:[\"advancedmobs_ssc\",\"advancedmobs_disco\"]}"
                        }
                    ],
                    "weight": 1
                },
                {
                    "type": "minecraft:item",
                    "name": "minecraft:stone",
                    "functions": [
                        {
                            "function": "minecraft:set_nbt",
                            "tag": "{advancedmobs_advancedmobs:[\"advancedmobs_ssc\",\"advancedmobs_furnace\"]}"
                        }
                    ],
                    "weight": 2
                },
                {
                    "type": "minecraft:item",
                    "name": "minecraft:stone",
                    "functions": [
                        {
                            "function": "minecraft:set_nbt",
                            "tag": "{advancedmobs_advancedmobs:[\"advancedmobs_ssc\",\"advancedmobs_silverfish\"]}"
                        }
                    ],
                    "weight": 1
                },
                {
                    "type": "minecraft:item",
                    "name": "minecraft:stone",
                    "functions": [
                        {
                            "function": "minecraft:set_nbt",
                            "tag": "{advancedmobs_advancedmobs:[\"advancedmobs_ssc\",\"advancedmobs_caster\"]}"
                        }
                    ],
                    "weight": 2
                },
                {
                    "type": "minecraft:item",
                    "name": "minecraft:stone",
                    "conditions": [
                        {
                            "condition": "entity_scores",
                            "entity": "this",
                            "scores": {
                                "advancedmobs_xp": {
                                    "min": 50
                                }
                            }
                        }
                    ],
                    "functions": [
                        {
                            "function": "minecraft:set_nbt",
                            "tag": "{advancedmobs_advancedmobs:[\"advancedmobs_ssc\",\"advancedmobs_doctor\"]}"
                        }
                    ],
                    "weight": 1
                },
                {
                    "type": "minecraft:item",
                    "name": "minecraft:stone",
                    "conditions": [
                        {
                            "condition": "entity_scores",
                            "entity": "this",
                            "scores": {
                                "advancedmobs_xp": {
                                    "min": 50
                                }
                            }
                        }
                    ],
                    "functions": [
                        {
                            "function": "minecraft:set_nbt",
                            "tag": "{advancedmobs_advancedmobs:[\"advancedmobs_ssc\",\"advancedmobs_knight\"]}"
                        }
                    ],
                    "weight": 1
                },
                {
                    "type": "minecraft:item",
                    "name": "minecraft:stone",
                    "conditions": [
                        {
                            "condition": "entity_scores",
                            "entity": "this",
                            "scores": {
                                "advancedmobs_xp": {
                                    "min": 100
                                }
                            }
                        }
                    ],
                    "functions": [
                        {
                            "function": "minecraft:set_nbt",
                            "tag": "{advancedmobs_advancedmobs:[\"advancedmobs_ssc\",\"advancedmobs_wizard\"]}"
                        }
                    ],
                    "weight": 1
                },
                {
                    "type": "minecraft:item",
                    "name": "minecraft:stone",
                    "conditions": [
                        {
                            "condition": "entity_scores",
                            "entity": "this",
                            "scores": {
                                "advancedmobs_xp": {
                                    "min": 100
                                }
                            }
                        }
                    ],
                    "functions": [
                        {
                            "function": "minecraft:set_nbt",
                            "tag": "{advancedmobs_advancedmobs:[\"advancedmobs_ssc\",\"advancedmobs_ender\"]}"
                        }
                    ],
                    "weight": 1
                },
                {
                    "type": "minecraft:item",
                    "name": "minecraft:stone",
                    "conditions": [
                        {
                            "condition": "entity_scores",
                            "entity": "this",
                            "scores": {
                                "advancedmobs_xp": {
                                    "min": 100
                                }
                            }
                        }
                    ],
                    "functions": [
                        {
                            "function": "minecraft:set_nbt",
                            "tag": "{advancedmobs_advancedmobs:[\"advancedmobs_ssc\",\"advancedmobs_uav\"]}"
                        }
                    ],
                    "weight": 1
                },
                {
                    "type": "minecraft:item",
                    "name": "minecraft:stone",
                    "conditions": [
                        {
                            "condition": "entity_scores",
                            "entity": "this",
                            "scores": {
                                "advancedmobs_xp": {
                                    "min": 100
                                }
                            }
                        }
                    ],
                    "functions": [
                        {
                            "function": "minecraft:set_nbt",
                            "tag": "{advancedmobs_advancedmobs:[\"advancedmobs_ssc\",\"advancedmobs_firework\"]}"
                        }
                    ],
                    "weight": 1
                },
                {
                    "type": "minecraft:item",
                    "name": "minecraft:stone",
                    "conditions": [
                        {
                            "condition": "entity_scores",
                            "entity": "this",
                            "scores": {
                                "advancedmobs_xp": {
                                    "min": 100
                                }
                            }
                        }
                    ],
                    "functions": [
                        {
                            "function": "minecraft:set_nbt",
                            "tag": "{advancedmobs_advancedmobs:[\"advancedmobs_ssc\",\"advancedmobs_fang\"]}"
                        }
                    ],
                    "weight": 1
                }
            ]
        },
        {
            "rolls": 1,
            "conditions": [
                {
                    "condition": "entity_properties",
                    "entity": "this",
                    "predicate": {
                        "type": "#advancedmobs:skeleton"
                    }
                }
            ],
            "functions": [
                {
                    "function": "set_nbt",
                    "tag": "{advancedmobs_skeleton:1b}"
                }
            ],
            "entries": [
                {
                    "type": "minecraft:item",
                    "name": "minecraft:stone",
                    "functions": [
                        {
                            "function": "minecraft:set_nbt",
                            "tag": "{advancedmobs_advancedmobs:[\"advancedmobs_ssc\",\"advancedmobs_mg\"]}"
                        }
                    ],
                    "weight": 3
                },
                {
                    "type": "minecraft:item",
                    "name": "minecraft:stone",
                    "functions": [
                        {
                            "function": "minecraft:set_nbt",
                            "tag": "{advancedmobs_advancedmobs:[\"advancedmobs_ssc\",\"advancedmobs_furnace\"]}"
                        }
                    ],
                    "weight": 2
                },
                {
                    "type": "minecraft:item",
                    "name": "minecraft:stone",
                    "functions": [
                        {
                            "function": "minecraft:set_nbt",
                            "tag": "{advancedmobs_advancedmobs:[\"advancedmobs_ssc\",\"advancedmobs_silverfish\"]}"
                        }
                    ],
                    "weight": 1
                },
                {
                    "type": "minecraft:item",
                    "name": "minecraft:stone",
                    "functions": [
                        {
                            "function": "minecraft:set_nbt",
                            "tag": "{advancedmobs_advancedmobs:[\"advancedmobs_ssc\",\"advancedmobs_caster\"]}"
                        }
                    ],
                    "weight": 1
                },
                {
                    "type": "minecraft:item",
                    "name": "minecraft:stone",
                    "conditions": [
                        {
                            "condition": "entity_scores",
                            "entity": "this",
                            "scores": {
                                "advancedmobs_xp": {
                                    "min": 50
                                }
                            }
                        }
                    ],
                    "functions": [
                        {
                            "function": "minecraft:set_nbt",
                            "tag": "{advancedmobs_advancedmobs:[\"advancedmobs_ssc\",\"advancedmobs_doctor\"]}"
                        }
                    ],
                    "weight": 1
                },
                {
                    "type": "minecraft:item",
                    "name": "minecraft:stone",
                    "conditions": [
                        {
                            "condition": "entity_scores",
                            "entity": "this",
                            "scores": {
                                "advancedmobs_xp": {
                                    "min": 50
                                }
                            }
                        }
                    ],
                    "functions": [
                        {
                            "function": "minecraft:set_nbt",
                            "tag": "{advancedmobs_advancedmobs:[\"advancedmobs_ssc\",\"advancedmobs_knight\"]}"
                        }
                    ],
                    "weight": 1
                }
            ]
        }
    ]
}